<?xml version="1.0" encoding="UTF-8"?>

<ObservationDefinition xmlns="http://hl7.org/fhir">
  <id value="observation-definition-heart-rate"/>
  <text>
    <status value="generated"/><div xmlns="http://www.w3.org/1999/xhtml"><p><b>Generated Narrative: ObservationDefinition</b><a name="observation-definition-heart-rate"> </a></p><div style="display: inline-block; background-color: #d9e0e7; padding: 6px; margin: 4px; border: 1px solid #8da1b4; border-radius: 5px; line-height: 60%"><p style="margin-bottom: 0px">Resource ObservationDefinition &quot;observation-definition-heart-rate&quot; </p></div><p><b>code</b>: Heart rate <span style="background: LightGoldenRodYellow; margin: 4px; border: 1px solid khaki"> (<a href="https://browser.ihtsdotools.org/">SNOMED CT</a>#364075005; <a href="https://loinc.org/">LOINC</a>#8867-4)</span></p><h3>QuantitativeDetails</h3><table class="grid"><tr><td style="display: none">-</td><td><b>CustomaryUnit</b></td></tr><tr><td style="display: none">*</td><td>heart beats per minute <span style="background: LightGoldenRodYellow; margin: 4px; border: 1px solid khaki"> (<a href="http://ucum.org">UCUM</a>#{beats}/min)</span></td></tr></table></div>
  </text>
  <code>
    <coding>
      <system value="http://snomed.info/sct"/>
      <code value="364075005"/>
      <display value="Heart rate"/>
    </coding>
    <coding>
      <system value="http://loinc.org"/>
      <code value="8867-4"/>
      <display value="Heart rate"/>
    </coding>
  </code>
  <quantitativeDetails>
    <customaryUnit>
      <coding>
        <system value="http://unitsofmeasure.org"/>
        <code value="{beats}/min"/>
        <display value="heart beats per minute"/>
      </coding>
    </customaryUnit>
  </quantitativeDetails>
</ObservationDefinition>