<?xml version="1.0" encoding="UTF-8"?>

<ObservationDefinition xmlns="http://hl7.org/fhir">
  <id value="observation-definition-head-circumference"/>
  <text>
    <status value="generated"/><div xmlns="http://www.w3.org/1999/xhtml"><p><b>Generated Narrative: ObservationDefinition</b><a name="observation-definition-head-circumference"> </a></p><div style="display: inline-block; background-color: #d9e0e7; padding: 6px; margin: 4px; border: 1px solid #8da1b4; border-radius: 5px; line-height: 60%"><p style="margin-bottom: 0px">Resource ObservationDefinition &quot;observation-definition-head-circumference&quot; </p></div><p><b>code</b>: Head circumference measure <span style="background: LightGoldenRodYellow; margin: 4px; border: 1px solid khaki"> (<a href="https://browser.ihtsdotools.org/">SNOMED CT</a>#363811000; <a href="https://loinc.org/">LOINC</a>#9843-4 &quot;Head Occipital-frontal circumference&quot;)</span></p><h3>QuantitativeDetails</h3><table class="grid"><tr><td style="display: none">-</td><td><b>CustomaryUnit</b></td></tr><tr><td style="display: none">*</td><td>centimeter <span style="background: LightGoldenRodYellow; margin: 4px; border: 1px solid khaki"> (<a href="http://ucum.org">UCUM</a>#cm)</span></td></tr></table></div>
  </text>
  <code>
    <coding>
      <system value="http://snomed.info/sct"/>
      <code value="363811000"/>
      <display value="Head circumference measure"/>
    </coding>
    <coding>
      <system value="http://loinc.org"/>
      <code value="9843-4"/>
      <display value="Head Occipital-frontal circumference"/>
    </coding>
  </code>
  <quantitativeDetails>
    <customaryUnit>
      <coding>
        <system value="http://unitsofmeasure.org"/>
        <code value="cm"/>
        <display value="centimeter"/>
      </coding>
    </customaryUnit>
  </quantitativeDetails>
</ObservationDefinition>