<?xml version="1.0" encoding="UTF-8"?>

<ObservationDefinition xmlns="http://hl7.org/fhir">
  <id value="observation-definition-blood-pressure"/>
  <text>
    <status value="generated"/><div xmlns="http://www.w3.org/1999/xhtml"><p><b>Generated Narrative: ObservationDefinition</b><a name="observation-definition-blood-pressure"> </a></p><div style="display: inline-block; background-color: #d9e0e7; padding: 6px; margin: 4px; border: 1px solid #8da1b4; border-radius: 5px; line-height: 60%"><p style="margin-bottom: 0px">Resource ObservationDefinition &quot;observation-definition-blood-pressure&quot; </p></div><p><b>code</b>: Blood pressure <span style="background: LightGoldenRodYellow; margin: 4px; border: 1px solid khaki"> (<a href="https://browser.ihtsdotools.org/">SNOMED CT</a>#75367002; <a href="https://loinc.org/">LOINC</a>#85354-9 &quot;Blood pressure panel with all children optional&quot;)</span></p></div>
  </text>
  <extension url="https://fhir.virtually.healthcare/StructureDefinition/Extension-ObservationDefinition-component">
    <extension url="code">
      <valueCodeableConcept>
        <coding>
          <system value="http://snomed.info/sct"/>
          <code value="72313002"/>
          <display value="Systolic arterial pressure"/>
        </coding>
        <coding>
          <system value="http://loinc.org"/>
          <code value="8480-6"/>
          <display value="Systolic blood pressure"/>
        </coding>
      </valueCodeableConcept>
    </extension>
    <extension url="customaryUnit">
      <valueCodeableConcept>
        <coding>
          <system value="http://unitsofmeasure.org"/>
          <code value="mm[Hg]"/>
          <display value="millimeter of mercury"/>
        </coding>
      </valueCodeableConcept>
    </extension>
  </extension>
  <extension url="https://fhir.virtually.healthcare/StructureDefinition/Extension-ObservationDefinition-component">
    <extension url="code">
      <valueCodeableConcept>
        <coding>
          <system value="http://snomed.info/sct"/>
          <code value="1091811000000102"/>
          <display value="Diastolic arterial pressure"/>
        </coding>
        <coding>
          <system value="http://loinc.org"/>
          <code value="8462-4"/>
          <display value="Diastolic blood pressure"/>
        </coding>
      </valueCodeableConcept>
    </extension>
    <extension url="customaryUnit">
      <valueCodeableConcept>
        <coding>
          <system value="http://unitsofmeasure.org"/>
          <code value="mm[Hg]"/>
          <display value="millimeter of mercury"/>
        </coding>
      </valueCodeableConcept>
    </extension>
  </extension>
  <code>
    <coding>
      <system value="http://snomed.info/sct"/>
      <code value="75367002"/>
      <display value="Blood pressure"/>
    </coding>
    <coding>
      <system value="http://loinc.org"/>
      <code value="85354-9"/>
      <display value="Blood pressure panel with all children optional"/>
    </coding>
  </code>
</ObservationDefinition>