[
  {
    "id" : "0d9fccea-9c98-4e61-b3e0-bc9b3a9db675",
    "type" : "Questionnaire",
    "url" : "https://example.fhir.nhs.uk/Questionnaire/VitalSignsFinding",
    "version" : "0.0.1"
  },
  {
    "id" : "DocumentIndexProvider",
    "type" : "CapabilityStatement",
    "url" : "https://fhir.virtually.healthcare/CapabilityStatement/DocumentIndexProvider",
    "version" : "0.0.1"
  },
  {
    "id" : "PatientIndexProvider",
    "type" : "CapabilityStatement",
    "url" : "https://fhir.virtually.healthcare/CapabilityStatement/PatientIndexProvider",
    "version" : "0.0.1"
  },
  {
    "id" : "virtually.healthcare",
    "type" : "ImplementationGuide",
    "url" : "https://fhir.virtually.healthcare/ImplementationGuide/virtually.healthcare",
    "version" : "0.0.1",
    "name" : "VirtuallyHealthcareImplementationGuide"
  },
  {
    "id" : "7aac8781-aa31-4c27-a851-1f83258dc400",
    "type" : "Questionnaire",
    "url" : "https://fhir.virtually.healthcare/Questionnaire/blood-pressure",
    "version" : "0.0.1"
  },
  {
    "id" : "e8e5c92a-8941-40c2-bb85-f8634362bcb8",
    "type" : "Questionnaire",
    "url" : "https://fhir.virtually.healthcare/Questionnaire/body-weight",
    "version" : "0.0.1"
  },
  {
    "id" : "d692490b-413c-4fb5-a767-db447f3d1906",
    "type" : "Questionnaire",
    "url" : "https://fhir.virtually.healthcare/Questionnaire/self-measure-blood-pressure",
    "version" : "0.0.1"
  },
  {
    "id" : "DocumentReference",
    "type" : "StructureDefinition",
    "url" : "https://fhir.virtually.healthcare/StructureDefinition/DocumentReference",
    "version" : "0.0.1",
    "name" : "DocumentReference"
  },
  {
    "id" : "Observation",
    "type" : "StructureDefinition",
    "url" : "https://fhir.virtually.healthcare/StructureDefinition/Observation",
    "version" : "0.0.1",
    "name" : "Observation"
  },
  {
    "id" : "Patient",
    "type" : "StructureDefinition",
    "url" : "https://fhir.virtually.healthcare/StructureDefinition/Patient",
    "version" : "0.0.1",
    "name" : "Patient"
  },
  {
    "id" : "Questionnaire",
    "type" : "StructureDefinition",
    "url" : "https://fhir.virtually.healthcare/StructureDefinition/Questionnaire",
    "version" : "0.0.1",
    "name" : "Questionnaire"
  },
  {
    "id" : "QuestionnaireResponse",
    "type" : "StructureDefinition",
    "url" : "https://fhir.virtually.healthcare/StructureDefinition/QuestionnaireResponse",
    "version" : "0.0.1",
    "name" : "QuestionnaireResponse"
  },
  {
    "id" : "Task",
    "type" : "StructureDefinition",
    "url" : "https://fhir.virtually.healthcare/StructureDefinition/Task",
    "version" : "0.0.1",
    "name" : "Task"
  }
]
