[
  {
    "id" : "DocumentIndexProvider",
    "type" : "CapabilityStatement",
    "url" : "https://fhir.virtually.healthcare/CapabilityStatement/DocumentIndexProvider",
    "version" : "0.0.1"
  },
  {
    "id" : "PatientIndexProvider",
    "type" : "CapabilityStatement",
    "url" : "https://fhir.virtually.healthcare/CapabilityStatement/PatientIndexProvider",
    "version" : "0.0.1"
  },
  {
    "id" : "QueryAPIProvider",
    "type" : "CapabilityStatement",
    "url" : "https://fhir.virtually.healthcare/CapabilityStatement/QueryAPIProvider",
    "version" : "0.0.1"
  },
  {
    "id" : "SchedulingProvider",
    "type" : "CapabilityStatement",
    "url" : "https://fhir.virtually.healthcare/CapabilityStatement/SchedulingProvider",
    "version" : "0.0.1"
  },
  {
    "id" : "StructuredDataCaptureProvider",
    "type" : "CapabilityStatement",
    "url" : "https://fhir.virtually.healthcare/CapabilityStatement/StructuredDataCaptureProvider",
    "version" : "0.0.1"
  },
  {
    "id" : "WorkflowProvider",
    "type" : "CapabilityStatement",
    "url" : "https://fhir.virtually.healthcare/CapabilityStatement/WorkflowProvider",
    "version" : "0.0.1"
  },
  {
    "id" : "virtually.healthcare",
    "type" : "ImplementationGuide",
    "url" : "https://fhir.virtually.healthcare/ImplementationGuide/virtually.healthcare",
    "version" : "0.0.1",
    "name" : "VirtuallyHealthcareImplementationGuide"
  },
  {
    "id" : "0d9fccea-9c98-4e61-b3e0-bc9b3a9db675",
    "type" : "Questionnaire",
    "url" : "https://fhir.virtually.healthcare/Questionnaire/VitalSignsFinding",
    "version" : "0.0.1"
  },
  {
    "id" : "AllergyIntolerance",
    "type" : "StructureDefinition",
    "url" : "https://fhir.virtually.healthcare/StructureDefinition/AllergyIntolerance",
    "version" : "0.0.1",
    "name" : "AllergyIntolerance"
  },
  {
    "id" : "Appointment",
    "type" : "StructureDefinition",
    "url" : "https://fhir.virtually.healthcare/StructureDefinition/Appointment",
    "version" : "0.0.1",
    "name" : "Appointment"
  },
  {
    "id" : "AppointmentResponse",
    "type" : "StructureDefinition",
    "url" : "https://fhir.virtually.healthcare/StructureDefinition/AppointmentResponse",
    "version" : "0.0.1",
    "name" : "AppointmentResponse"
  },
  {
    "id" : "Condition",
    "type" : "StructureDefinition",
    "url" : "https://fhir.virtually.healthcare/StructureDefinition/Condition",
    "version" : "0.0.1",
    "name" : "Condition"
  },
  {
    "id" : "DocumentReference",
    "type" : "StructureDefinition",
    "url" : "https://fhir.virtually.healthcare/StructureDefinition/DocumentReference",
    "version" : "0.0.1",
    "name" : "DocumentReference"
  },
  {
    "id" : "Immunization",
    "type" : "StructureDefinition",
    "url" : "https://fhir.virtually.healthcare/StructureDefinition/Immunization",
    "version" : "0.0.1",
    "name" : "Immunization"
  },
  {
    "id" : "MedicationRequest",
    "type" : "StructureDefinition",
    "url" : "https://fhir.virtually.healthcare/StructureDefinition/MedicationRequest",
    "version" : "0.0.1",
    "name" : "MedicationRequest"
  },
  {
    "id" : "Observation",
    "type" : "StructureDefinition",
    "url" : "https://fhir.virtually.healthcare/StructureDefinition/Observation",
    "version" : "0.0.1",
    "name" : "Observation"
  },
  {
    "id" : "Patient",
    "type" : "StructureDefinition",
    "url" : "https://fhir.virtually.healthcare/StructureDefinition/Patient",
    "version" : "0.0.1",
    "name" : "Patient"
  },
  {
    "id" : "Questionnaire",
    "type" : "StructureDefinition",
    "url" : "https://fhir.virtually.healthcare/StructureDefinition/Questionnaire",
    "version" : "0.0.1",
    "name" : "Questionnaire"
  },
  {
    "id" : "QuestionnaireResponse",
    "type" : "StructureDefinition",
    "url" : "https://fhir.virtually.healthcare/StructureDefinition/QuestionnaireResponse",
    "version" : "0.0.1",
    "name" : "QuestionnaireResponse"
  },
  {
    "id" : "Schedule",
    "type" : "StructureDefinition",
    "url" : "https://fhir.virtually.healthcare/StructureDefinition/Schedule",
    "version" : "0.0.1",
    "name" : "Schedule"
  },
  {
    "id" : "Slot",
    "type" : "StructureDefinition",
    "url" : "https://fhir.virtually.healthcare/StructureDefinition/Slot",
    "version" : "0.0.1",
    "name" : "Slot"
  },
  {
    "id" : "Task",
    "type" : "StructureDefinition",
    "url" : "https://fhir.virtually.healthcare/StructureDefinition/Task",
    "version" : "0.0.1",
    "name" : "Task"
  }
]
