{
  "resourceType" : "CapabilityStatement",
  "id" : "QueryAPIProvider",
  "text" : {
    "status" : "extensions",
    "div" : "<div xmlns=\"http://www.w3.org/1999/xhtml\"><h2 id=\"title\">Query API Provider based on IHE QEDm and IPA</h2><ul><li>Implementation Guide Version: 0.0.1</li><li>FHIR Version: 4.0.1</li><li>Supported Formats: <code>json</code></li><li>Supported Patch Formats: </li><li>Published on: Wed Feb 01 00:00:00 GMT 2023</li><li>Published by: Virtually Healthcare</li></ul><blockquote class=\"impl-note\"><p><strong>Note to Implementers: FHIR Capabilities</strong></p><p>Any FHIR capability may be 'allowed' by the system unless explicitly marked as &quot;SHALL NOT&quot;. A few items are marked as MAY in the Implementation Guide to highlight their potential relevance to the use case.</p></blockquote><h2 id=\"rest\">FHIR RESTful Capabilities</h2><div class=\"panel panel-default\"><div class=\"panel-heading\"><h3 id=\"mode1\" class=\"panel-title\">Mode: <code>server</code></h3></div><div class=\"panel-body\"><div class=\"lead\"><em>Summary of System-wide Interactions</em></div></div></div><h3 id=\"resourcesCap1\">Capabilities by Resource/Profile</h3><h4 id=\"resourcesSummary1\">Summary</h4><p>The summary table lists the resources that are part of this configuration, and for each resource it lists:</p><ul><li>The relevant profiles (if any)</li><li>The interactions supported by each resource (<b><span class=\"bg-info\">R</span></b>ead, <b><span class=\"bg-info\">S</span></b>earch, <b><span class=\"bg-info\">U</span></b>pdate, and <b><span class=\"bg-info\">C</span></b>reate, are always shown, while <b><span class=\"bg-info\">VR</span></b>ead, <b><span class=\"bg-info\">P</span></b>atch, <b><span class=\"bg-info\">D</span></b>elete, <b><span class=\"bg-info\">H</span></b>istory on <b><span class=\"bg-info\">I</span></b>nstance, or <b><span class=\"bg-info\">H</span></b>istory on <b><span class=\"bg-info\">T</span></b>ype are only present if at least one of the resources has support for them.</li><li><span>The required, recommended, and some optional search parameters (if any). </span></li><li>The linked resources enabled for <code>_include</code></li><li>The other resources enabled for <code>_revinclude</code></li><li>The operations on the resource (if any)</li></ul><div class=\"table-responsive\"><table class=\"table table-condensed table-hover\"><thead><tr><th><b>Resource Type</b></th><th><b>Profile</b></th><th class=\"text-center\"><b title=\"GET a resource (read interaction)\">R</b></th><th class=\"text-center\"><b title=\"GET all set of resources of the type (search interaction)\">S</b></th><th class=\"text-center\"><b title=\"PUT a new resource version (update interaction)\">U</b></th><th class=\"text-center\"><b title=\"POST a new resource (create interaction)\">C</b></th><th><b title=\"Required and recommended search parameters\">Searches</b></th><th><code><b>_include</b></code></th><th><code><b>_revinclude</b></code></th><th><b>Operations</b></th></tr></thead><tbody><tr><td><a href=\"#AllergyIntolerance1-1\">AllergyIntolerance</a></td><td><a href=\"StructureDefinition-AllergyIntolerance.html\">https://fhir.virtually.healthcare/StructureDefinition/AllergyIntolerance</a><br/><em>Additional supported profiles:</em><br/>\u00a0\u00a0<a href=\"https://simplifier.net/resolve?scope=fhir.r4.ukcore.stu3.currentbuild@0.0.8-pre-release&amp;canonical=https://fhir.hl7.org.uk/StructureDefinition/UKCore-AllergyIntolerance\">UK Core AllergyIntolerance</a></td><td></td><td class=\"text-center\">y</td><td class=\"text-center\"></td><td class=\"text-center\"></td><td>patient</td><td/><td/><td/></tr><tr><td><a href=\"#AllergyIntolerance1-2\">AllergyIntolerance</a></td><td><a href=\"StructureDefinition-Condition.html\">https://fhir.virtually.healthcare/StructureDefinition/Condition</a><br/><em>Additional supported profiles:</em><br/>\u00a0\u00a0<a href=\"https://simplifier.net/resolve?scope=fhir.r4.ukcore.stu3.currentbuild@0.0.8-pre-release&amp;canonical=https://fhir.hl7.org.uk/StructureDefinition/UKCore-Condition\">UK Core Condition</a></td><td></td><td class=\"text-center\">y</td><td class=\"text-center\"></td><td class=\"text-center\"></td><td>patient, onset-date</td><td/><td/><td/></tr><tr><td><a href=\"#DocumentReference1-3\">DocumentReference</a></td><td><a href=\"StructureDefinition-DocumentReference.html\">https://fhir.virtually.healthcare/StructureDefinition/DocumentReference</a><br/><em>Additional supported profiles:</em><br/>\u00a0\u00a0<a href=\"https://simplifier.net/resolve?scope=fhir.r4.ukcore.stu3.currentbuild@0.0.8-pre-release&amp;canonical=https://fhir.hl7.org.uk/StructureDefinition/UKCore-DocumentReference\">UK Core DocumentReference</a></td><td></td><td class=\"text-center\">y</td><td class=\"text-center\"></td><td class=\"text-center\"></td><td>patient, date, type</td><td/><td/><td/></tr><tr><td><a href=\"#Immunization1-4\">Immunization</a></td><td><a href=\"StructureDefinition-Immunization.html\">https://fhir.virtually.healthcare/StructureDefinition/Immunization</a><br/><em>Additional supported profiles:</em><br/>\u00a0\u00a0<a href=\"https://simplifier.net/resolve?scope=fhir.r4.ukcore.stu3.currentbuild@0.0.8-pre-release&amp;canonical=https://fhir.hl7.org.uk/StructureDefinition/UKCore-Immunization\">UK Core Immunization</a></td><td></td><td class=\"text-center\">y</td><td class=\"text-center\"></td><td class=\"text-center\"></td><td>patient, date</td><td/><td/><td/></tr><tr><td><a href=\"#MedicationRequest1-5\">MedicationRequest</a></td><td><a href=\"StructureDefinition-MedicationRequest.html\">https://fhir.virtually.healthcare/StructureDefinition/MedicationRequest</a><br/><em>Additional supported profiles:</em><br/>\u00a0\u00a0<a href=\"https://simplifier.net/resolve?scope=fhir.r4.ukcore.stu3.currentbuild@0.0.8-pre-release&amp;canonical=https://fhir.hl7.org.uk/StructureDefinition/UKCore-MedicationRequest\">UK Core MedicationRequest</a></td><td></td><td class=\"text-center\">y</td><td class=\"text-center\"></td><td class=\"text-center\"></td><td>patient, authoredon</td><td/><td/><td/></tr><tr><td><a href=\"#Observation1-6\">Observation</a></td><td><a href=\"StructureDefinition-Observation.html\">https://fhir.virtually.healthcare/StructureDefinition/Observation</a><br/><em>Additional supported profiles:</em><br/>\u00a0\u00a0<a href=\"https://simplifier.net/resolve?scope=fhir.r4.ukcore.stu3.currentbuild@0.0.8-pre-release&amp;canonical=https://fhir.hl7.org.uk/StructureDefinition/UKCore-Observation\">UK Core Observation</a></td><td></td><td class=\"text-center\">y</td><td class=\"text-center\"></td><td class=\"text-center\"></td><td>patient, date, category, code</td><td/><td/><td/></tr></tbody></table></div><hr/><div class=\"panel panel-default\"><div class=\"panel-heading\"><h4 id=\"AllergyIntolerance1-1\" class=\"panel-title\"><span style=\"float: right;\">Resource Conformance: SHOULD</span>AllergyIntolerance</h4></div><div class=\"panel-body\"><div class=\"container\"><div class=\"row\"><div class=\"col-lg-6\"><span class=\"lead\">Base System Profile</span><br/><a href=\"StructureDefinition-AllergyIntolerance.html\">https://fhir.virtually.healthcare/StructureDefinition/AllergyIntolerance</a></div><div class=\"col-lg-3\"><span class=\"lead\">Profile Conformance</span><br/><b>SHALL</b></div><div class=\"col-lg-3\"><span class=\"lead\">Reference Policy</span><br/></div></div><p/><div class=\"row\"><div class=\"col-6\"><span class=\"lead\">Supported Profiles</span><p><a href=\"https://simplifier.net/resolve?scope=fhir.r4.ukcore.stu3.currentbuild@0.0.8-pre-release&amp;canonical=https://fhir.hl7.org.uk/StructureDefinition/UKCore-AllergyIntolerance\">https://fhir.hl7.org.uk/StructureDefinition/UKCore-AllergyIntolerance</a></p></div><div class=\"col-lg-6\"><span class=\"lead\">Interaction summary</span><br/><ul><li><strong>SHALL</strong> support <code>search-type</code>.</li></ul></div></div><p/><div class=\"row\"><div class=\"col-lg-7\"><span class=\"lead\">Search Parameters</span><table class=\"table table-condensed table-hover\"><thead><tr><th>Conformance</th><th>Parameter</th><th>Type</th><th>Documentation</th></tr></thead><tbody><tr><td><b>SHALL</b></td><td>patient</td><td><code>reference</code></td><td><div></div></td></tr></tbody></table></div><div class=\"col-lg-5\">\u00a0</div></div></div></div></div><div class=\"panel panel-default\"><div class=\"panel-heading\"><h4 id=\"AllergyIntolerance1-2\" class=\"panel-title\"><span style=\"float: right;\">Resource Conformance: SHOULD</span>AllergyIntolerance</h4></div><div class=\"panel-body\"><div class=\"container\"><div class=\"row\"><div class=\"col-lg-6\"><span class=\"lead\">Base System Profile</span><br/><a href=\"StructureDefinition-Condition.html\">https://fhir.virtually.healthcare/StructureDefinition/Condition</a></div><div class=\"col-lg-3\"><span class=\"lead\">Profile Conformance</span><br/><b>SHALL</b></div><div class=\"col-lg-3\"><span class=\"lead\">Reference Policy</span><br/></div></div><p/><div class=\"row\"><div class=\"col-6\"><span class=\"lead\">Supported Profiles</span><p><a href=\"https://simplifier.net/resolve?scope=fhir.r4.ukcore.stu3.currentbuild@0.0.8-pre-release&amp;canonical=https://fhir.hl7.org.uk/StructureDefinition/UKCore-Condition\">https://fhir.hl7.org.uk/StructureDefinition/UKCore-Condition</a></p></div><div class=\"col-lg-6\"><span class=\"lead\">Interaction summary</span><br/><ul><li><strong>SHALL</strong> support <code>search-type</code>.</li></ul></div></div><p/><div class=\"row\"><div class=\"col-lg-7\"><span class=\"lead\">Search Parameters</span><table class=\"table table-condensed table-hover\"><thead><tr><th>Conformance</th><th>Parameter</th><th>Type</th><th>Documentation</th></tr></thead><tbody><tr><td><b>SHALL</b></td><td>patient</td><td><code>reference</code></td><td><div></div></td></tr><tr><td><b>SHOULD</b></td><td>onset-date</td><td><code>date</code></td><td><div></div></td></tr></tbody></table></div><div class=\"col-lg-5\">\u00a0</div></div></div></div></div><div class=\"panel panel-default\"><div class=\"panel-heading\"><h4 id=\"DocumentReference1-3\" class=\"panel-title\"><span style=\"float: right;\">Resource Conformance: SHOULD</span>DocumentReference</h4></div><div class=\"panel-body\"><div class=\"container\"><div class=\"row\"><div class=\"col-lg-6\"><span class=\"lead\">Base System Profile</span><br/><a href=\"StructureDefinition-DocumentReference.html\">https://fhir.virtually.healthcare/StructureDefinition/DocumentReference</a></div><div class=\"col-lg-3\"><span class=\"lead\">Profile Conformance</span><br/><b>SHALL</b></div><div class=\"col-lg-3\"><span class=\"lead\">Reference Policy</span><br/></div></div><p/><div class=\"row\"><div class=\"col-6\"><span class=\"lead\">Supported Profiles</span><p><a href=\"https://simplifier.net/resolve?scope=fhir.r4.ukcore.stu3.currentbuild@0.0.8-pre-release&amp;canonical=https://fhir.hl7.org.uk/StructureDefinition/UKCore-DocumentReference\">https://fhir.hl7.org.uk/StructureDefinition/UKCore-DocumentReference</a></p></div><div class=\"col-lg-6\"><span class=\"lead\">Interaction summary</span><br/><ul><li><strong>SHALL</strong> support <code>search-type</code>.</li></ul></div></div><p/><div class=\"row\"><div class=\"col-lg-7\"><span class=\"lead\">Search Parameters</span><table class=\"table table-condensed table-hover\"><thead><tr><th>Conformance</th><th>Parameter</th><th>Type</th><th>Documentation</th></tr></thead><tbody><tr><td><b>SHALL</b></td><td>patient</td><td><code>reference</code></td><td><div></div></td></tr><tr><td><b>SHOULD</b></td><td>date</td><td><code>date</code></td><td><div></div></td></tr><tr><td><b>SHOULD</b></td><td>type</td><td><code>token</code></td><td><div></div></td></tr></tbody></table></div><div class=\"col-lg-5\">\u00a0</div></div></div></div></div><div class=\"panel panel-default\"><div class=\"panel-heading\"><h4 id=\"Immunization1-4\" class=\"panel-title\"><span style=\"float: right;\">Resource Conformance: SHOULD</span>Immunization</h4></div><div class=\"panel-body\"><div class=\"container\"><div class=\"row\"><div class=\"col-lg-6\"><span class=\"lead\">Base System Profile</span><br/><a href=\"StructureDefinition-Immunization.html\">https://fhir.virtually.healthcare/StructureDefinition/Immunization</a></div><div class=\"col-lg-3\"><span class=\"lead\">Profile Conformance</span><br/><b>SHALL</b></div><div class=\"col-lg-3\"><span class=\"lead\">Reference Policy</span><br/></div></div><p/><div class=\"row\"><div class=\"col-6\"><span class=\"lead\">Supported Profiles</span><p><a href=\"https://simplifier.net/resolve?scope=fhir.r4.ukcore.stu3.currentbuild@0.0.8-pre-release&amp;canonical=https://fhir.hl7.org.uk/StructureDefinition/UKCore-Immunization\">https://fhir.hl7.org.uk/StructureDefinition/UKCore-Immunization</a></p></div><div class=\"col-lg-6\"><span class=\"lead\">Interaction summary</span><br/><ul><li><strong>SHALL</strong> support <code>search-type</code>.</li></ul></div></div><p/><div class=\"row\"><div class=\"col-lg-7\"><span class=\"lead\">Search Parameters</span><table class=\"table table-condensed table-hover\"><thead><tr><th>Conformance</th><th>Parameter</th><th>Type</th><th>Documentation</th></tr></thead><tbody><tr><td><b>SHALL</b></td><td>patient</td><td><code>reference</code></td><td><div></div></td></tr><tr><td><b>SHOULD</b></td><td>date</td><td><code>date</code></td><td><div></div></td></tr></tbody></table></div><div class=\"col-lg-5\">\u00a0</div></div></div></div></div><div class=\"panel panel-default\"><div class=\"panel-heading\"><h4 id=\"MedicationRequest1-5\" class=\"panel-title\"><span style=\"float: right;\">Resource Conformance: SHOULD</span>MedicationRequest</h4></div><div class=\"panel-body\"><div class=\"container\"><div class=\"row\"><div class=\"col-lg-6\"><span class=\"lead\">Base System Profile</span><br/><a href=\"StructureDefinition-MedicationRequest.html\">https://fhir.virtually.healthcare/StructureDefinition/MedicationRequest</a></div><div class=\"col-lg-3\"><span class=\"lead\">Profile Conformance</span><br/><b>SHALL</b></div><div class=\"col-lg-3\"><span class=\"lead\">Reference Policy</span><br/></div></div><p/><div class=\"row\"><div class=\"col-6\"><span class=\"lead\">Supported Profiles</span><p><a href=\"https://simplifier.net/resolve?scope=fhir.r4.ukcore.stu3.currentbuild@0.0.8-pre-release&amp;canonical=https://fhir.hl7.org.uk/StructureDefinition/UKCore-MedicationRequest\">https://fhir.hl7.org.uk/StructureDefinition/UKCore-MedicationRequest</a></p></div><div class=\"col-lg-6\"><span class=\"lead\">Interaction summary</span><br/><ul><li><strong>SHALL</strong> support <code>search-type</code>.</li></ul></div></div><p/><div class=\"row\"><div class=\"col-lg-7\"><span class=\"lead\">Search Parameters</span><table class=\"table table-condensed table-hover\"><thead><tr><th>Conformance</th><th>Parameter</th><th>Type</th><th>Documentation</th></tr></thead><tbody><tr><td><b>SHALL</b></td><td>patient</td><td><code>reference</code></td><td><div></div></td></tr><tr><td><b>SHOULD</b></td><td>authoredon</td><td><code>date</code></td><td><div></div></td></tr></tbody></table></div><div class=\"col-lg-5\">\u00a0</div></div></div></div></div><div class=\"panel panel-default\"><div class=\"panel-heading\"><h4 id=\"Observation1-6\" class=\"panel-title\"><span style=\"float: right;\">Resource Conformance: SHOULD</span>Observation</h4></div><div class=\"panel-body\"><div class=\"container\"><div class=\"row\"><div class=\"col-lg-6\"><span class=\"lead\">Base System Profile</span><br/><a href=\"StructureDefinition-Observation.html\">https://fhir.virtually.healthcare/StructureDefinition/Observation</a></div><div class=\"col-lg-3\"><span class=\"lead\">Profile Conformance</span><br/><b>SHALL</b></div><div class=\"col-lg-3\"><span class=\"lead\">Reference Policy</span><br/></div></div><p/><div class=\"row\"><div class=\"col-6\"><span class=\"lead\">Supported Profiles</span><p><a href=\"https://simplifier.net/resolve?scope=fhir.r4.ukcore.stu3.currentbuild@0.0.8-pre-release&amp;canonical=https://fhir.hl7.org.uk/StructureDefinition/UKCore-Observation\">https://fhir.hl7.org.uk/StructureDefinition/UKCore-Observation</a></p></div><div class=\"col-lg-6\"><span class=\"lead\">Interaction summary</span><br/><ul><li><strong>SHALL</strong> support <code>search-type</code>.</li></ul></div></div><p/><div class=\"row\"><div class=\"col-lg-7\"><span class=\"lead\">Search Parameters</span><table class=\"table table-condensed table-hover\"><thead><tr><th>Conformance</th><th>Parameter</th><th>Type</th><th>Documentation</th></tr></thead><tbody><tr><td><b>SHALL</b></td><td>patient</td><td><code>reference</code></td><td><div></div></td></tr><tr><td><b>SHOULD</b></td><td>date</td><td><code>date</code></td><td><div></div></td></tr><tr><td><b>MAY</b></td><td>category</td><td><code>token</code></td><td><div></div></td></tr><tr><td><b>MAY</b></td><td>code</td><td><code>token</code></td><td><div></div></td></tr></tbody></table></div><div class=\"col-lg-5\">\u00a0</div></div></div></div></div></div>"
  },
  "url" : "https://fhir.virtually.healthcare/CapabilityStatement/QueryAPIProvider",
  "version" : "0.0.1",
  "title" : "Query API Provider based on IHE QEDm and IPA",
  "status" : "active",
  "date" : "2023-02-01",
  "publisher" : "Virtually Healthcare",
  "contact" : [{
    "name" : "Virtually Healthcare",
    "telecom" : [{
      "system" : "url",
      "value" : "https://virtually.healthcare"
    }]
  }],
  "description" : "Provider supports read-only access structured clinical record held within EHR's.",
  "jurisdiction" : [{
    "coding" : [{
      "system" : "urn:iso:std:iso:3166",
      "code" : "GB",
      "display" : "UK"
    }]
  }],
  "kind" : "requirements",
  "fhirVersion" : "4.0.1",
  "format" : ["json"],
  "rest" : [{
    "mode" : "server",
    "resource" : [{
      "extension" : [{
        "url" : "http://hl7.org/fhir/StructureDefinition/capabilitystatement-expectation",
        "valueCode" : "SHOULD"
      }],
      "type" : "AllergyIntolerance",
      "profile" : "https://fhir.virtually.healthcare/StructureDefinition/AllergyIntolerance",
      "supportedProfile" : ["https://fhir.hl7.org.uk/StructureDefinition/UKCore-AllergyIntolerance"],
      "interaction" : [{
        "extension" : [{
          "url" : "http://hl7.org/fhir/StructureDefinition/capabilitystatement-expectation",
          "valueCode" : "SHALL"
        }],
        "code" : "search-type"
      }],
      "searchParam" : [{
        "extension" : [{
          "url" : "http://hl7.org/fhir/StructureDefinition/capabilitystatement-expectation",
          "valueCode" : "SHALL"
        }],
        "name" : "patient",
        "type" : "reference"
      }]
    },
    {
      "extension" : [{
        "url" : "http://hl7.org/fhir/StructureDefinition/capabilitystatement-expectation",
        "valueCode" : "SHOULD"
      }],
      "type" : "AllergyIntolerance",
      "profile" : "https://fhir.virtually.healthcare/StructureDefinition/Condition",
      "supportedProfile" : ["https://fhir.hl7.org.uk/StructureDefinition/UKCore-Condition"],
      "interaction" : [{
        "extension" : [{
          "url" : "http://hl7.org/fhir/StructureDefinition/capabilitystatement-expectation",
          "valueCode" : "SHALL"
        }],
        "code" : "search-type"
      }],
      "searchParam" : [{
        "extension" : [{
          "url" : "http://hl7.org/fhir/StructureDefinition/capabilitystatement-expectation",
          "valueCode" : "SHALL"
        }],
        "name" : "patient",
        "type" : "reference"
      },
      {
        "extension" : [{
          "url" : "http://hl7.org/fhir/StructureDefinition/capabilitystatement-expectation",
          "valueCode" : "SHOULD"
        }],
        "name" : "onset-date",
        "type" : "date"
      }]
    },
    {
      "extension" : [{
        "url" : "http://hl7.org/fhir/StructureDefinition/capabilitystatement-expectation",
        "valueCode" : "SHOULD"
      }],
      "type" : "DocumentReference",
      "profile" : "https://fhir.virtually.healthcare/StructureDefinition/DocumentReference",
      "supportedProfile" : ["https://fhir.hl7.org.uk/StructureDefinition/UKCore-DocumentReference"],
      "interaction" : [{
        "extension" : [{
          "url" : "http://hl7.org/fhir/StructureDefinition/capabilitystatement-expectation",
          "valueCode" : "SHALL"
        }],
        "code" : "search-type"
      }],
      "searchParam" : [{
        "extension" : [{
          "url" : "http://hl7.org/fhir/StructureDefinition/capabilitystatement-expectation",
          "valueCode" : "SHALL"
        }],
        "name" : "patient",
        "type" : "reference"
      },
      {
        "extension" : [{
          "url" : "http://hl7.org/fhir/StructureDefinition/capabilitystatement-expectation",
          "valueCode" : "SHOULD"
        }],
        "name" : "date",
        "type" : "date"
      },
      {
        "extension" : [{
          "url" : "http://hl7.org/fhir/StructureDefinition/capabilitystatement-expectation",
          "valueCode" : "SHOULD"
        }],
        "name" : "type",
        "type" : "token"
      }]
    },
    {
      "extension" : [{
        "url" : "http://hl7.org/fhir/StructureDefinition/capabilitystatement-expectation",
        "valueCode" : "SHOULD"
      }],
      "type" : "Immunization",
      "profile" : "https://fhir.virtually.healthcare/StructureDefinition/Immunization",
      "supportedProfile" : ["https://fhir.hl7.org.uk/StructureDefinition/UKCore-Immunization"],
      "interaction" : [{
        "extension" : [{
          "url" : "http://hl7.org/fhir/StructureDefinition/capabilitystatement-expectation",
          "valueCode" : "SHALL"
        }],
        "code" : "search-type"
      }],
      "searchParam" : [{
        "extension" : [{
          "url" : "http://hl7.org/fhir/StructureDefinition/capabilitystatement-expectation",
          "valueCode" : "SHALL"
        }],
        "name" : "patient",
        "type" : "reference"
      },
      {
        "extension" : [{
          "url" : "http://hl7.org/fhir/StructureDefinition/capabilitystatement-expectation",
          "valueCode" : "SHOULD"
        }],
        "name" : "date",
        "type" : "date"
      }]
    },
    {
      "extension" : [{
        "url" : "http://hl7.org/fhir/StructureDefinition/capabilitystatement-expectation",
        "valueCode" : "SHOULD"
      }],
      "type" : "MedicationRequest",
      "profile" : "https://fhir.virtually.healthcare/StructureDefinition/MedicationRequest",
      "supportedProfile" : ["https://fhir.hl7.org.uk/StructureDefinition/UKCore-MedicationRequest"],
      "interaction" : [{
        "extension" : [{
          "url" : "http://hl7.org/fhir/StructureDefinition/capabilitystatement-expectation",
          "valueCode" : "SHALL"
        }],
        "code" : "search-type"
      }],
      "searchParam" : [{
        "extension" : [{
          "url" : "http://hl7.org/fhir/StructureDefinition/capabilitystatement-expectation",
          "valueCode" : "SHALL"
        }],
        "name" : "patient",
        "type" : "reference"
      },
      {
        "extension" : [{
          "url" : "http://hl7.org/fhir/StructureDefinition/capabilitystatement-expectation",
          "valueCode" : "SHOULD"
        }],
        "name" : "authoredon",
        "type" : "date"
      }]
    },
    {
      "extension" : [{
        "url" : "http://hl7.org/fhir/StructureDefinition/capabilitystatement-expectation",
        "valueCode" : "SHOULD"
      }],
      "type" : "Observation",
      "profile" : "https://fhir.virtually.healthcare/StructureDefinition/Observation",
      "supportedProfile" : ["https://fhir.hl7.org.uk/StructureDefinition/UKCore-Observation"],
      "interaction" : [{
        "extension" : [{
          "url" : "http://hl7.org/fhir/StructureDefinition/capabilitystatement-expectation",
          "valueCode" : "SHALL"
        }],
        "code" : "search-type"
      }],
      "searchParam" : [{
        "extension" : [{
          "url" : "http://hl7.org/fhir/StructureDefinition/capabilitystatement-expectation",
          "valueCode" : "SHALL"
        }],
        "name" : "patient",
        "type" : "reference"
      },
      {
        "extension" : [{
          "url" : "http://hl7.org/fhir/StructureDefinition/capabilitystatement-expectation",
          "valueCode" : "SHOULD"
        }],
        "name" : "date",
        "type" : "date"
      },
      {
        "extension" : [{
          "url" : "http://hl7.org/fhir/StructureDefinition/capabilitystatement-expectation",
          "valueCode" : "MAY"
        }],
        "name" : "category",
        "type" : "token"
      },
      {
        "extension" : [{
          "url" : "http://hl7.org/fhir/StructureDefinition/capabilitystatement-expectation",
          "valueCode" : "MAY"
        }],
        "name" : "code",
        "type" : "token"
      }]
    }]
  }]
}