{
  "resourceType" : "CapabilityStatement",
  "id" : "StructuredDataCaptureProvider",
  "text" : {
    "status" : "extensions",
    "div" : "<div xmlns=\"http://www.w3.org/1999/xhtml\"><h2 id=\"title\">Structured Data Capture Provider</h2><ul><li>Implementation Guide Version: 0.0.1</li><li>FHIR Version: 4.0.1</li><li>Supported Formats: <code>json</code></li><li>Supported Patch Formats: </li><li>Published on: Wed Feb 01 00:00:00 GMT 2023</li><li>Published by: Virtually Healthcare</li></ul><blockquote class=\"impl-note\"><p><strong>Note to Implementers: FHIR Capabilities</strong></p><p>Any FHIR capability may be 'allowed' by the system unless explicitly marked as &quot;SHALL NOT&quot;. A few items are marked as MAY in the Implementation Guide to highlight their potential relevance to the use case.</p></blockquote><h2 id=\"rest\">FHIR RESTful Capabilities</h2><div class=\"panel panel-default\"><div class=\"panel-heading\"><h3 id=\"mode1\" class=\"panel-title\">Mode: <code>server</code></h3></div><div class=\"panel-body\"><div class=\"lead\"><em>Summary of System-wide Interactions</em></div></div></div><h3 id=\"resourcesCap1\">Capabilities by Resource/Profile</h3><h4 id=\"resourcesSummary1\">Summary</h4><p>The summary table lists the resources that are part of this configuration, and for each resource it lists:</p><ul><li>The relevant profiles (if any)</li><li>The interactions supported by each resource (<b><span class=\"bg-info\">R</span></b>ead, <b><span class=\"bg-info\">S</span></b>earch, <b><span class=\"bg-info\">U</span></b>pdate, and <b><span class=\"bg-info\">C</span></b>reate, are always shown, while <b><span class=\"bg-info\">VR</span></b>ead, <b><span class=\"bg-info\">P</span></b>atch, <b><span class=\"bg-info\">D</span></b>elete, <b><span class=\"bg-info\">H</span></b>istory on <b><span class=\"bg-info\">I</span></b>nstance, or <b><span class=\"bg-info\">H</span></b>istory on <b><span class=\"bg-info\">T</span></b>ype are only present if at least one of the resources has support for them.</li><li><span>The required, recommended, and some optional search parameters (if any). </span></li><li>The linked resources enabled for <code>_include</code></li><li>The other resources enabled for <code>_revinclude</code></li><li>The operations on the resource (if any)</li></ul><div class=\"table-responsive\"><table class=\"table table-condensed table-hover\"><thead><tr><th><b>Resource Type</b></th><th><b>Profile</b></th><th class=\"text-center\"><b title=\"GET a resource (read interaction)\">R</b></th><th class=\"text-center\"><b title=\"GET all set of resources of the type (search interaction)\">S</b></th><th class=\"text-center\"><b title=\"PUT a new resource version (update interaction)\">U</b></th><th class=\"text-center\"><b title=\"POST a new resource (create interaction)\">C</b></th><th><b title=\"Required and recommended search parameters\">Searches</b></th><th><code><b>_include</b></code></th><th><code><b>_revinclude</b></code></th><th><b>Operations</b></th></tr></thead><tbody><tr><td><a href=\"#Questionnaire1-1\">Questionnaire</a></td><td><a href=\"StructureDefinition-Questionnaire.html\">https://fhir.virtually.healthcare/StructureDefinition/Questionnaire</a><br/><em>Additional supported profiles:</em><br/>\u00a0\u00a0<a href=\"https://simplifier.net/resolve?scope=fhir.r4.ukcore.stu3.currentbuild@0.0.8-pre-release&amp;canonical=https://fhir.hl7.org.uk/StructureDefinition/UKCore-Questionnaire\">UK Core Questionnaire</a></td><td></td><td class=\"text-center\">y</td><td class=\"text-center\"></td><td class=\"text-center\"></td><td>code, url, title</td><td/><td/><td/></tr><tr><td><a href=\"#QuestionnaireResponse1-2\">QuestionnaireResponse</a></td><td><a href=\"StructureDefinition-QuestionnaireResponse.html\">https://fhir.virtually.healthcare/StructureDefinition/QuestionnaireResponse</a><br/><em>Additional supported profiles:</em><br/>\u00a0\u00a0<a href=\"https://simplifier.net/resolve?scope=fhir.r4.ukcore.stu3.currentbuild@0.0.8-pre-release&amp;canonical=https://fhir.hl7.org.uk/StructureDefinition/UKCore-QuestionnaireResponse\">UK Core QuestionnaireResponse</a></td><td></td><td class=\"text-center\">y</td><td class=\"text-center\"></td><td class=\"text-center\"></td><td>patient, questionnaire</td><td/><td/><td/></tr></tbody></table></div><hr/><div class=\"panel panel-default\"><div class=\"panel-heading\"><h4 id=\"Questionnaire1-1\" class=\"panel-title\"><span style=\"float: right;\">Resource Conformance: SHALL</span>Questionnaire</h4></div><div class=\"panel-body\"><div class=\"container\"><div class=\"row\"><div class=\"col-lg-6\"><span class=\"lead\">Base System Profile</span><br/><a href=\"StructureDefinition-Questionnaire.html\">https://fhir.virtually.healthcare/StructureDefinition/Questionnaire</a></div><div class=\"col-lg-3\"><span class=\"lead\">Profile Conformance</span><br/><b>SHALL</b></div><div class=\"col-lg-3\"><span class=\"lead\">Reference Policy</span><br/></div></div><p/><div class=\"row\"><div class=\"col-6\"><span class=\"lead\">Supported Profiles</span><p><a href=\"https://simplifier.net/resolve?scope=fhir.r4.ukcore.stu3.currentbuild@0.0.8-pre-release&amp;canonical=https://fhir.hl7.org.uk/StructureDefinition/UKCore-Questionnaire\">https://fhir.hl7.org.uk/StructureDefinition/UKCore-Questionnaire</a></p></div><div class=\"col-lg-6\"><span class=\"lead\">Interaction summary</span><br/><ul><li><strong>SHALL</strong> support <code>search-type</code>.</li></ul></div></div><p/><div class=\"row\"><div class=\"col-lg-7\"><span class=\"lead\">Search Parameters</span><table class=\"table table-condensed table-hover\"><thead><tr><th>Conformance</th><th>Parameter</th><th>Type</th><th>Documentation</th></tr></thead><tbody><tr><td><b>SHOULD</b></td><td>code</td><td><code>token</code></td><td><div></div></td></tr><tr><td><b>SHOULD</b></td><td>url</td><td><code>uri</code></td><td><div></div></td></tr><tr><td><b>SHOULD</b></td><td>title</td><td><code>string</code></td><td><div></div></td></tr></tbody></table></div><div class=\"col-lg-5\">\u00a0</div></div></div></div></div><div class=\"panel panel-default\"><div class=\"panel-heading\"><h4 id=\"QuestionnaireResponse1-2\" class=\"panel-title\"><span style=\"float: right;\">Resource Conformance: SHALL</span>QuestionnaireResponse</h4></div><div class=\"panel-body\"><div class=\"container\"><div class=\"row\"><div class=\"col-lg-6\"><span class=\"lead\">Base System Profile</span><br/><a href=\"StructureDefinition-QuestionnaireResponse.html\">https://fhir.virtually.healthcare/StructureDefinition/QuestionnaireResponse</a></div><div class=\"col-lg-3\"><span class=\"lead\">Profile Conformance</span><br/><b>SHALL</b></div><div class=\"col-lg-3\"><span class=\"lead\">Reference Policy</span><br/></div></div><p/><div class=\"row\"><div class=\"col-6\"><span class=\"lead\">Supported Profiles</span><p><a href=\"https://simplifier.net/resolve?scope=fhir.r4.ukcore.stu3.currentbuild@0.0.8-pre-release&amp;canonical=https://fhir.hl7.org.uk/StructureDefinition/UKCore-QuestionnaireResponse\">https://fhir.hl7.org.uk/StructureDefinition/UKCore-QuestionnaireResponse</a></p></div><div class=\"col-lg-6\"><span class=\"lead\">Interaction summary</span><br/><ul><li><strong>SHALL</strong> support <code>search-type</code>.</li></ul></div></div><p/><div class=\"row\"><div class=\"col-lg-7\"><span class=\"lead\">Search Parameters</span><table class=\"table table-condensed table-hover\"><thead><tr><th>Conformance</th><th>Parameter</th><th>Type</th><th>Documentation</th></tr></thead><tbody><tr><td><b>SHOULD</b></td><td>patient</td><td><code>reference</code></td><td><div></div></td></tr><tr><td><b>SHOULD</b></td><td>questionnaire</td><td><code>reference</code></td><td><div></div></td></tr></tbody></table></div><div class=\"col-lg-5\">\u00a0</div></div></div></div></div></div>"
  },
  "url" : "https://fhir.virtually.healthcare/CapabilityStatement/StructuredDataCaptureProvider",
  "version" : "0.0.1",
  "title" : "Structured Data Capture Provider",
  "status" : "active",
  "date" : "2023-02-01",
  "publisher" : "Virtually Healthcare",
  "contact" : [{
    "name" : "Virtually Healthcare",
    "telecom" : [{
      "system" : "url",
      "value" : "https://virtually.healthcare"
    }]
  }],
  "description" : "Providers supports read only access to sources of structured data capture (e.g. openEHR). Is currently focused on Finding Questionnaires (Form Definitions) and Finding Completed Questionnaires. Form Pre-Population is suppported by capabilities in other provider API's. \n - [FHIR Structured Data Capture](https://build.fhir.org/ig/HL7/sdc/)",
  "jurisdiction" : [{
    "coding" : [{
      "system" : "urn:iso:std:iso:3166",
      "code" : "GB",
      "display" : "UK"
    }]
  }],
  "kind" : "requirements",
  "fhirVersion" : "4.0.1",
  "format" : ["json"],
  "rest" : [{
    "mode" : "server",
    "resource" : [{
      "extension" : [{
        "url" : "http://hl7.org/fhir/StructureDefinition/capabilitystatement-expectation",
        "valueCode" : "SHALL"
      }],
      "type" : "Questionnaire",
      "profile" : "https://fhir.virtually.healthcare/StructureDefinition/Questionnaire",
      "supportedProfile" : ["https://fhir.hl7.org.uk/StructureDefinition/UKCore-Questionnaire"],
      "interaction" : [{
        "extension" : [{
          "url" : "http://hl7.org/fhir/StructureDefinition/capabilitystatement-expectation",
          "valueCode" : "SHALL"
        }],
        "code" : "search-type"
      }],
      "searchParam" : [{
        "extension" : [{
          "url" : "http://hl7.org/fhir/StructureDefinition/capabilitystatement-expectation",
          "valueCode" : "SHOULD"
        }],
        "name" : "code",
        "type" : "token"
      },
      {
        "extension" : [{
          "url" : "http://hl7.org/fhir/StructureDefinition/capabilitystatement-expectation",
          "valueCode" : "SHOULD"
        }],
        "name" : "url",
        "type" : "uri"
      },
      {
        "extension" : [{
          "url" : "http://hl7.org/fhir/StructureDefinition/capabilitystatement-expectation",
          "valueCode" : "SHOULD"
        }],
        "name" : "title",
        "type" : "string"
      }]
    },
    {
      "extension" : [{
        "url" : "http://hl7.org/fhir/StructureDefinition/capabilitystatement-expectation",
        "valueCode" : "SHALL"
      }],
      "type" : "QuestionnaireResponse",
      "profile" : "https://fhir.virtually.healthcare/StructureDefinition/QuestionnaireResponse",
      "supportedProfile" : ["https://fhir.hl7.org.uk/StructureDefinition/UKCore-QuestionnaireResponse"],
      "interaction" : [{
        "extension" : [{
          "url" : "http://hl7.org/fhir/StructureDefinition/capabilitystatement-expectation",
          "valueCode" : "SHALL"
        }],
        "code" : "search-type"
      }],
      "searchParam" : [{
        "extension" : [{
          "url" : "http://hl7.org/fhir/StructureDefinition/capabilitystatement-expectation",
          "valueCode" : "SHOULD"
        }],
        "name" : "patient",
        "type" : "reference"
      },
      {
        "extension" : [{
          "url" : "http://hl7.org/fhir/StructureDefinition/capabilitystatement-expectation",
          "valueCode" : "SHOULD"
        }],
        "name" : "questionnaire",
        "type" : "reference"
      }]
    }]
  }]
}