{
  "resourceType" : "ObservationDefinition",
  "id" : "observation-definition-body-height",
  "text" : {
    "status" : "generated",
    "div" : "<div xmlns=\"http://www.w3.org/1999/xhtml\"><p><b>Generated Narrative: ObservationDefinition</b><a name=\"observation-definition-body-height\"> </a></p><div style=\"display: inline-block; background-color: #d9e0e7; padding: 6px; margin: 4px; border: 1px solid #8da1b4; border-radius: 5px; line-height: 60%\"><p style=\"margin-bottom: 0px\">Resource ObservationDefinition &quot;observation-definition-body-height&quot; </p></div><p><b>code</b>: Body height measure <span style=\"background: LightGoldenRodYellow; margin: 4px; border: 1px solid khaki\"> (<a href=\"https://browser.ihtsdotools.org/\">SNOMED CT</a>#50373000; <a href=\"https://loinc.org/\">LOINC</a>#8302-2 &quot;Body height&quot;)</span></p><h3>QuantitativeDetails</h3><table class=\"grid\"><tr><td style=\"display: none\">-</td><td><b>CustomaryUnit</b></td></tr><tr><td style=\"display: none\">*</td><td>centimeter <span style=\"background: LightGoldenRodYellow; margin: 4px; border: 1px solid khaki\"> (<a href=\"http://ucum.org\">UCUM</a>#cm)</span></td></tr></table></div>"
  },
  "code" : {
    "coding" : [{
      "system" : "http://snomed.info/sct",
      "code" : "50373000",
      "display" : "Body height measure"
    },
    {
      "system" : "http://loinc.org",
      "code" : "8302-2",
      "display" : "Body height"
    }]
  },
  "quantitativeDetails" : {
    "customaryUnit" : {
      "coding" : [{
        "system" : "http://unitsofmeasure.org",
        "code" : "cm",
        "display" : "centimeter"
      }]
    }
  }
}