<?xml version="1.0" encoding="UTF-8"?>

<ObservationDefinition xmlns="http://hl7.org/fhir">
  <id value="observation-definition-self-measured-blood-pressure"/>
  <meta>
    <versionId value="1"/>
    <lastUpdated value="2022-11-04T14:29:24.263Z"/>
  </meta>
  <text>
    <status value="generated"/><div xmlns="http://www.w3.org/1999/xhtml"><p><b>Generated Narrative: ObservationDefinition</b><a name="observation-definition-self-measured-blood-pressure"> </a></p><div style="display: inline-block; background-color: #d9e0e7; padding: 6px; margin: 4px; border: 1px solid #8da1b4; border-radius: 5px; line-height: 60%"><p style="margin-bottom: 0px">Resource ObservationDefinition &quot;observation-definition-self-measured-blood-pressure&quot; Version &quot;1&quot; Updated &quot;2022-11-04 14:29:24+0000&quot; </p></div><p><b>code</b>: Self measured blood pressure reading <span style="background: LightGoldenRodYellow; margin: 4px; border: 1px solid khaki"> (<a href="https://browser.ihtsdotools.org/">SNOMED CT</a>#335661000000109)</span></p></div>
  </text>
  <extension url="https://fhir.virtually.healthcare/StructureDefinition/Extension-ObservationDefinition-component">
    <extension url="code">
      <valueCodeableConcept>
        <coding>
          <system value="http://snomed.info/sct"/>
          <code value="72313002"/>
          <display value="Systolic arterial pressure"/>
        </coding>
        <coding>
          <system value="http://loinc.org"/>
          <code value="8480-6"/>
          <display value="Systolic blood pressure"/>
        </coding>
      </valueCodeableConcept>
    </extension>
    <extension url="customaryUnit">
      <valueCodeableConcept>
        <coding>
          <system value="http://unitsofmeasure.org"/>
          <code value="mm[Hg]"/>
          <display value="millimeter of mercury"/>
        </coding>
      </valueCodeableConcept>
    </extension>
  </extension>
  <extension url="https://fhir.virtually.healthcare/StructureDefinition/Extension-ObservationDefinition-component">
    <extension url="code">
      <valueCodeableConcept>
        <coding>
          <system value="http://snomed.info/sct"/>
          <code value="1091811000000102"/>
          <display value="Diastolic arterial pressure"/>
        </coding>
        <coding>
          <system value="http://loinc.org"/>
          <code value="8462-4"/>
          <display value="Diastolic blood pressure"/>
        </coding>
      </valueCodeableConcept>
    </extension>
    <extension url="customaryUnit">
      <valueCodeableConcept>
        <coding>
          <system value="http://unitsofmeasure.org"/>
          <code value="mm[Hg]"/>
          <display value="millimeter of mercury"/>
        </coding>
      </valueCodeableConcept>
    </extension>
  </extension>
  <code>
    <coding>
      <system value="http://snomed.info/sct"/>
      <code value="335661000000109"/>
      <display value="Self measured blood pressure reading"/>
    </coding>
  </code>
</ObservationDefinition>