<?xml version="1.0" encoding="UTF-8"?>

<Task xmlns="http://hl7.org/fhir">
  <id value="task-patient1"/>
  <meta>
    <profile value="https://fhir.virtually.healthcare/StructureDefinition/Task"/>
  </meta>
  <text>
    <status value="generated"/><div xmlns="http://www.w3.org/1999/xhtml"><p><b>Generated Narrative: Task</b><a name="task-patient1"> </a></p><div style="display: inline-block; background-color: #d9e0e7; padding: 6px; margin: 4px; border: 1px solid #8da1b4; border-radius: 5px; line-height: 60%"><p style="margin-bottom: 0px">Resource Task &quot;task-patient1&quot; </p><p style="margin-bottom: 0px">Profile: <a href="StructureDefinition-Task.html">Task</a></p></div><p><b>status</b>: requested</p><p><b>intent</b>: order</p><p><b>code</b>: Renewal of prescription <span style="background: LightGoldenRodYellow; margin: 4px; border: 1px solid khaki"> (<a href="https://browser.ihtsdotools.org/">SNOMED CT</a>#103742009)</span></p><p><b>focus</b>: <a href="https://simplifier.net/resolve?scope=fhir.r4.ukcore.stu3.currentbuild@0.0.8-pre-release&amp;canonical=https://simplifier.net/guide/ukcoreversionhistory/MedicationRequest/3a275967-bcbe-4cb3-8cc8-fffa6781ba8c">MedicationRequest/3a275967-bcbe-4cb3-8cc8-fffa6781ba8c</a></p><p><b>note</b>: Ran out of previous prescription</p></div>
  </text>
  <status value="requested"/>
  <intent value="order"/>
  <code>
    <coding>
      <system value="http://snomed.info/sct"/>
      <code value="103742009"/>
      <display value="Renewal of prescription"/>
    </coding>
  </code>
  <focus>
    <reference value="MedicationRequest/3a275967-bcbe-4cb3-8cc8-fffa6781ba8c"/>
  </focus>
  <note>
    <text value="Ran out of previous prescription"/>
  </note>
</Task>