{
  "package": "virtually.healthcare",
  "version": "0.0.1",
  "fhirVersion": "4.0.1",
  "jurisdiction": "GB",
  "extensions": [],
  "profiles": {},
  "usage": {
    "http://hl7.org/fhir/StructureDefinition/questionnaire-unitOption": [
      "Questionnaire.item"
    ],
    "http://hl7.org/fhir/tools/StructureDefinition/ig-internal-dependency": [
      "ImplementationGuide.definition"
    ],
    "http://hl7.org/fhir/tools/StructureDefinition/ig-page-name": [
      "ImplementationGuide.definition.page",
      "ImplementationGuide.definition.page.page"
    ],
    "http://hl7.org/fhir/tools/StructureDefinition/ig-parameter": [
      "ImplementationGuide.definition"
    ],
    "http://hl7.org/fhir/tools/StructureDefinition/implementationguide-dependency-comment": [
      "ImplementationGuide.dependsOn"
    ],
    "http://hl7.org/fhir/tools/StructureDefinition/resource-information": [
      "ImplementationGuide.definition.resource"
    ],
    "http://hl7.org/fhir/uv/sdc/StructureDefinition/sdc-questionnaire-observationExtract": [
      "Questionnaire.item"
    ],
    "http://hl7.org/fhir/uv/sdc/StructureDefinition/sdc-questionnaire-observationLinkPeriod": [
      "Questionnaire.item"
    ]
  }
}