{
  "package": "virtually.healthcare",
  "version": "0.0.1",
  "fhirVersion": "4.0.1",
  "jurisdiction": "GB",
  "extensions": [],
  "profiles": {
    "AllergyIntolerance": [
      {
        "url": "https://fhir.virtually.healthcare/StructureDefinition/AllergyIntolerance",
        "title": "AllergyIntolerance"
      }
    ],
    "Appointment": [
      {
        "url": "https://fhir.virtually.healthcare/StructureDefinition/Appointment",
        "title": "Appointment"
      }
    ],
    "AppointmentResponse": [
      {
        "url": "https://fhir.virtually.healthcare/StructureDefinition/AppointmentResponse",
        "title": "AppointmentResponse"
      }
    ],
    "Condition": [
      {
        "url": "https://fhir.virtually.healthcare/StructureDefinition/Condition",
        "title": "Condition"
      }
    ],
    "DocumentReference": [
      {
        "url": "https://fhir.virtually.healthcare/StructureDefinition/DocumentReference",
        "title": "DocumentReference"
      }
    ],
    "Immunization": [
      {
        "url": "https://fhir.virtually.healthcare/StructureDefinition/Immunization",
        "title": "Immunization"
      }
    ],
    "MedicationRequest": [
      {
        "url": "https://fhir.virtually.healthcare/StructureDefinition/MedicationRequest",
        "title": "MedicationRequest"
      }
    ],
    "Observation": [
      {
        "url": "https://fhir.virtually.healthcare/StructureDefinition/Observation",
        "title": "Observation"
      }
    ],
    "Patient": [
      {
        "url": "https://fhir.virtually.healthcare/StructureDefinition/Patient",
        "title": "Patient"
      }
    ],
    "Questionnaire": [
      {
        "url": "https://fhir.virtually.healthcare/StructureDefinition/Questionnaire",
        "title": "Questionnaire"
      }
    ],
    "QuestionnaireResponse": [
      {
        "url": "https://fhir.virtually.healthcare/StructureDefinition/QuestionnaireResponse",
        "title": "QuestionnaireResponse"
      }
    ],
    "Schedule": [
      {
        "url": "https://fhir.virtually.healthcare/StructureDefinition/Schedule",
        "title": "Schedule"
      }
    ],
    "Slot": [
      {
        "url": "https://fhir.virtually.healthcare/StructureDefinition/Slot",
        "title": "Slot"
      }
    ],
    "Task": [
      {
        "url": "https://fhir.virtually.healthcare/StructureDefinition/Task",
        "title": "Task"
      }
    ]
  },
  "usage": {
    "http://hl7.org/fhir/StructureDefinition/capabilitystatement-expectation": [
      "CapabilityStatement.rest.resource",
      "CapabilityStatement.rest.resource.interaction",
      "CapabilityStatement.rest.resource.searchParam"
    ],
    "http://hl7.org/fhir/StructureDefinition/elementdefinition-bestpractice": [
      "StructureDefinition.snapshot.element.constraint"
    ],
    "http://hl7.org/fhir/StructureDefinition/elementdefinition-bestpractice-explanation": [
      "StructureDefinition.snapshot.element.constraint"
    ],
    "http://hl7.org/fhir/StructureDefinition/elementdefinition-bindingName": [
      "StructureDefinition.snapshot.element.binding"
    ],
    "http://hl7.org/fhir/StructureDefinition/elementdefinition-maxValueSet": [
      "StructureDefinition.snapshot.element.binding"
    ],
    "http://hl7.org/fhir/StructureDefinition/elementdefinition-translatable": [
      "StructureDefinition.snapshot.element"
    ],
    "http://hl7.org/fhir/StructureDefinition/questionnaire-itemControl": [
      "Questionnaire.item",
      "Questionnaire.item.item.item"
    ],
    "http://hl7.org/fhir/StructureDefinition/questionnaire-unitOption": [
      "Questionnaire.item"
    ],
    "http://hl7.org/fhir/StructureDefinition/structuredefinition-display-hint": [
      "StructureDefinition.snapshot.element"
    ],
    "http://hl7.org/fhir/StructureDefinition/structuredefinition-fhir-type": [
      "StructureDefinition.snapshot.element.type"
    ],
    "http://hl7.org/fhir/StructureDefinition/structuredefinition-hierarchy": [
      "StructureDefinition.snapshot.element.type"
    ],
    "http://hl7.org/fhir/tools/StructureDefinition/ig-internal-dependency": [
      "ImplementationGuide.definition"
    ],
    "http://hl7.org/fhir/tools/StructureDefinition/ig-page-name": [
      "ImplementationGuide.definition.page",
      "ImplementationGuide.definition.page.page"
    ],
    "http://hl7.org/fhir/tools/StructureDefinition/ig-parameter": [
      "ImplementationGuide.definition"
    ],
    "http://hl7.org/fhir/tools/StructureDefinition/implementationguide-dependency-comment": [
      "ImplementationGuide.dependsOn"
    ],
    "http://hl7.org/fhir/tools/StructureDefinition/resource-information": [
      "ImplementationGuide.definition.resource"
    ],
    "http://hl7.org/fhir/uv/sdc/StructureDefinition/sdc-questionnaire-observationExtract": [
      "Questionnaire.item"
    ],
    "http://hl7.org/fhir/uv/sdc/StructureDefinition/sdc-questionnaire-observationLinkPeriod": [
      "Questionnaire.item"
    ],
    "https://fhir.virtually.healthcare/StructureDefinition/Extension-ObservationDefinition-component": [
      "ObservationDefinition"
    ]
  }
}