{
  "resourceType" : "ObservationDefinition",
  "id" : "observation-definition-inspired-oxygen",
  "text" : {
    "status" : "generated",
    "div" : "<div xmlns=\"http://www.w3.org/1999/xhtml\"><p><b>Generated Narrative: ObservationDefinition</b><a name=\"observation-definition-inspired-oxygen\"> </a></p><div style=\"display: inline-block; background-color: #d9e0e7; padding: 6px; margin: 4px; border: 1px solid #8da1b4; border-radius: 5px; line-height: 60%\"><p style=\"margin-bottom: 0px\">Resource ObservationDefinition &quot;observation-definition-inspired-oxygen&quot; </p></div><p><b>code</b>: Patient on oxygen <span style=\"background: LightGoldenRodYellow; margin: 4px; border: 1px solid khaki\"> (<a href=\"https://browser.ihtsdotools.org/\">SNOMED CT</a>#371825009)</span></p><h3>QuantitativeDetails</h3><table class=\"grid\"><tr><td style=\"display: none\">-</td><td><b>CustomaryUnit</b></td></tr><tr><td style=\"display: none\">*</td><td>liter per minute <span style=\"background: LightGoldenRodYellow; margin: 4px; border: 1px solid khaki\"> (<a href=\"http://ucum.org\">UCUM</a>#L/min)</span></td></tr></table></div>"
  },
  "code" : {
    "coding" : [{
      "system" : "http://snomed.info/sct",
      "code" : "371825009",
      "display" : "Patient on oxygen"
    }]
  },
  "quantitativeDetails" : {
    "customaryUnit" : {
      "coding" : [{
        "system" : "http://unitsofmeasure.org",
        "code" : "L/min",
        "display" : "liter per minute"
      }]
    }
  }
}