{
  "resourceType" : "ObservationDefinition",
  "id" : "observation-definition-heart-rate",
  "text" : {
    "status" : "generated",
    "div" : "<div xmlns=\"http://www.w3.org/1999/xhtml\"><p><b>Generated Narrative: ObservationDefinition</b><a name=\"observation-definition-heart-rate\"> </a></p><div style=\"display: inline-block; background-color: #d9e0e7; padding: 6px; margin: 4px; border: 1px solid #8da1b4; border-radius: 5px; line-height: 60%\"><p style=\"margin-bottom: 0px\">Resource ObservationDefinition &quot;observation-definition-heart-rate&quot; </p></div><p><b>code</b>: Heart rate <span style=\"background: LightGoldenRodYellow; margin: 4px; border: 1px solid khaki\"> (<a href=\"https://browser.ihtsdotools.org/\">SNOMED CT</a>#364075005; <a href=\"https://loinc.org/\">LOINC</a>#8867-4)</span></p><h3>QuantitativeDetails</h3><table class=\"grid\"><tr><td style=\"display: none\">-</td><td><b>CustomaryUnit</b></td></tr><tr><td style=\"display: none\">*</td><td>heart beats per minute <span style=\"background: LightGoldenRodYellow; margin: 4px; border: 1px solid khaki\"> (<a href=\"http://ucum.org\">UCUM</a>#{beats}/min)</span></td></tr></table></div>"
  },
  "code" : {
    "coding" : [{
      "system" : "http://snomed.info/sct",
      "code" : "364075005",
      "display" : "Heart rate"
    },
    {
      "system" : "http://loinc.org",
      "code" : "8867-4",
      "display" : "Heart rate"
    }]
  },
  "quantitativeDetails" : {
    "customaryUnit" : {
      "coding" : [{
        "system" : "http://unitsofmeasure.org",
        "code" : "{beats}/min",
        "display" : "heart beats per minute"
      }]
    }
  }
}