{
  "resourceType" : "ObservationDefinition",
  "id" : "observation-definition-blood-pressure",
  "text" : {
    "status" : "generated",
    "div" : "<div xmlns=\"http://www.w3.org/1999/xhtml\"><p><b>Generated Narrative: ObservationDefinition</b><a name=\"observation-definition-blood-pressure\"> </a></p><div style=\"display: inline-block; background-color: #d9e0e7; padding: 6px; margin: 4px; border: 1px solid #8da1b4; border-radius: 5px; line-height: 60%\"><p style=\"margin-bottom: 0px\">Resource ObservationDefinition &quot;observation-definition-blood-pressure&quot; </p></div><p><b>code</b>: Blood pressure <span style=\"background: LightGoldenRodYellow; margin: 4px; border: 1px solid khaki\"> (<a href=\"https://browser.ihtsdotools.org/\">SNOMED CT</a>#75367002; <a href=\"https://loinc.org/\">LOINC</a>#85354-9 &quot;Blood pressure panel with all children optional&quot;)</span></p></div>"
  },
  "extension" : [{
    "extension" : [{
      "url" : "code",
      "valueCodeableConcept" : {
        "coding" : [{
          "system" : "http://snomed.info/sct",
          "code" : "72313002",
          "display" : "Systolic arterial pressure"
        },
        {
          "system" : "http://loinc.org",
          "code" : "8480-6",
          "display" : "Systolic blood pressure"
        }]
      }
    },
    {
      "url" : "customaryUnit",
      "valueCodeableConcept" : {
        "coding" : [{
          "system" : "http://unitsofmeasure.org",
          "code" : "mm[Hg]",
          "display" : "millimeter of mercury"
        }]
      }
    }],
    "url" : "https://fhir.virtually.healthcare/StructureDefinition/Extension-ObservationDefinition-component"
  },
  {
    "extension" : [{
      "url" : "code",
      "valueCodeableConcept" : {
        "coding" : [{
          "system" : "http://snomed.info/sct",
          "code" : "1091811000000102",
          "display" : "Diastolic arterial pressure"
        },
        {
          "system" : "http://loinc.org",
          "code" : "8462-4",
          "display" : "Diastolic blood pressure"
        }]
      }
    },
    {
      "url" : "customaryUnit",
      "valueCodeableConcept" : {
        "coding" : [{
          "system" : "http://unitsofmeasure.org",
          "code" : "mm[Hg]",
          "display" : "millimeter of mercury"
        }]
      }
    }],
    "url" : "https://fhir.virtually.healthcare/StructureDefinition/Extension-ObservationDefinition-component"
  }],
  "code" : {
    "coding" : [{
      "system" : "http://snomed.info/sct",
      "code" : "75367002",
      "display" : "Blood pressure"
    },
    {
      "system" : "http://loinc.org",
      "code" : "85354-9",
      "display" : "Blood pressure panel with all children optional"
    }]
  }
}