{
  "resourceType" : "ObservationDefinition",
  "id" : "observation-definition-self-measured-blood-pressure",
  "meta" : {
    "versionId" : "1",
    "lastUpdated" : "2022-11-04T14:29:24.263Z"
  },
  "text" : {
    "status" : "generated",
    "div" : "<div xmlns=\"http://www.w3.org/1999/xhtml\"><p><b>Generated Narrative: ObservationDefinition</b><a name=\"observation-definition-self-measured-blood-pressure\"> </a></p><div style=\"display: inline-block; background-color: #d9e0e7; padding: 6px; margin: 4px; border: 1px solid #8da1b4; border-radius: 5px; line-height: 60%\"><p style=\"margin-bottom: 0px\">Resource ObservationDefinition &quot;observation-definition-self-measured-blood-pressure&quot; Version &quot;1&quot; Updated &quot;2022-11-04 14:29:24+0000&quot; </p></div><p><b>code</b>: Self measured blood pressure reading <span style=\"background: LightGoldenRodYellow; margin: 4px; border: 1px solid khaki\"> (<a href=\"https://browser.ihtsdotools.org/\">SNOMED CT</a>#335661000000109)</span></p></div>"
  },
  "extension" : [{
    "extension" : [{
      "url" : "code",
      "valueCodeableConcept" : {
        "coding" : [{
          "system" : "http://snomed.info/sct",
          "code" : "72313002",
          "display" : "Systolic arterial pressure"
        },
        {
          "system" : "http://loinc.org",
          "code" : "8480-6",
          "display" : "Systolic blood pressure"
        }]
      }
    },
    {
      "url" : "customaryUnit",
      "valueCodeableConcept" : {
        "coding" : [{
          "system" : "http://unitsofmeasure.org",
          "code" : "mm[Hg]",
          "display" : "millimeter of mercury"
        }]
      }
    }],
    "url" : "https://fhir.virtually.healthcare/StructureDefinition/Extension-ObservationDefinition-component"
  },
  {
    "extension" : [{
      "url" : "code",
      "valueCodeableConcept" : {
        "coding" : [{
          "system" : "http://snomed.info/sct",
          "code" : "1091811000000102",
          "display" : "Diastolic arterial pressure"
        },
        {
          "system" : "http://loinc.org",
          "code" : "8462-4",
          "display" : "Diastolic blood pressure"
        }]
      }
    },
    {
      "url" : "customaryUnit",
      "valueCodeableConcept" : {
        "coding" : [{
          "system" : "http://unitsofmeasure.org",
          "code" : "mm[Hg]",
          "display" : "millimeter of mercury"
        }]
      }
    }],
    "url" : "https://fhir.virtually.healthcare/StructureDefinition/Extension-ObservationDefinition-component"
  }],
  "code" : {
    "coding" : [{
      "system" : "http://snomed.info/sct",
      "code" : "335661000000109",
      "display" : "Self measured blood pressure reading"
    }]
  }
}