{
  "resourceType" : "Task",
  "id" : "prescription-refill-request",
  "meta" : {
    "profile" : ["https://fhir.virtually.healthcare/StructureDefinition/Task"]
  },
  "text" : {
    "status" : "generated",
    "div" : "<div xmlns=\"http://www.w3.org/1999/xhtml\"><p><b>Generated Narrative: Task</b><a name=\"prescription-refill-request\"> </a></p><div style=\"display: inline-block; background-color: #d9e0e7; padding: 6px; margin: 4px; border: 1px solid #8da1b4; border-radius: 5px; line-height: 60%\"><p style=\"margin-bottom: 0px\">Resource Task &quot;prescription-refill-request&quot; </p><p style=\"margin-bottom: 0px\">Profile: <a href=\"StructureDefinition-Task.html\">Task</a></p></div><p><b>status</b>: requested</p><p><b>intent</b>: order</p><p><b>code</b>: Renewal of prescription <span style=\"background: LightGoldenRodYellow; margin: 4px; border: 1px solid khaki\"> (<a href=\"https://browser.ihtsdotools.org/\">SNOMED CT</a>#103742009)</span></p><p><b>focus</b>: <a href=\"https://simplifier.net/resolve?scope=fhir.r4.ukcore.stu3.currentbuild@0.0.8-pre-release&amp;canonical=https://simplifier.net/guide/ukcoreversionhistory/MedicationRequest/3a275967-bcbe-4cb3-8cc8-fffa6781ba8c\">MedicationRequest/3a275967-bcbe-4cb3-8cc8-fffa6781ba8c</a></p><p><b>for</b>: <a href=\"Patient-a8a85872-87c7-4f20-89c1-6747f980f919.html\">Patient/a8a85872-87c7-4f20-89c1-6747f980f919</a> &quot; FORSTER&quot;</p><p><b>requester</b>: <a href=\"Patient-a8a85872-87c7-4f20-89c1-6747f980f919.html\">Patient/a8a85872-87c7-4f20-89c1-6747f980f919</a> &quot; FORSTER&quot;</p><p><b>note</b>: Need a prescription to cover my holiday</p></div>"
  },
  "status" : "requested",
  "intent" : "order",
  "code" : {
    "coding" : [{
      "system" : "http://snomed.info/sct",
      "code" : "103742009",
      "display" : "Renewal of prescription"
    }]
  },
  "focus" : {
    "reference" : "MedicationRequest/3a275967-bcbe-4cb3-8cc8-fffa6781ba8c"
  },
  "for" : {
    "reference" : "Patient/a8a85872-87c7-4f20-89c1-6747f980f919"
  },
  "requester" : {
    "reference" : "Patient/a8a85872-87c7-4f20-89c1-6747f980f919"
  },
  "note" : [{
    "text" : "Need a prescription to cover my holiday"
  }]
}