{
  "resourceType" : "ValueSet",
  "id" : "valueset-smoking-status",
  "text" : {
    "status" : "generated",
    "div" : "<div xmlns=\"http://www.w3.org/1999/xhtml\"><ul><li>Include these codes as defined in <a href=\"http://www.snomed.org/\"><code>http://snomed.info/sct</code></a><table class=\"none\"><tr><td style=\"white-space:nowrap\"><b>Code</b></td><td><b>Display</b></td></tr><tr><td><a href=\"http://snomed.info/id/266919005\">266919005</a></td><td>Never smoked tobacco</td></tr><tr><td><a href=\"http://snomed.info/id/230059006\">230059006</a></td><td>Trivial cigarette smoker</td></tr><tr><td><a href=\"http://snomed.info/id/160603005\">160603005</a></td><td>Light cigarette smoker (1-9 cigs/day)</td></tr><tr><td><a href=\"http://snomed.info/id/160604004\">160604004</a></td><td>Moderate cigarette smoker (10-19/day)</td></tr><tr><td><a href=\"http://snomed.info/id/160605003\">160605003</a></td><td>Heavy cigarette smoker (20-39/day)</td></tr><tr><td><a href=\"http://snomed.info/id/1092031000000108\">1092031000000108</a></td><td>Ex-smoker amount unknown</td></tr><tr><td><a href=\"http://snomed.info/id/82302008\">82302008</a></td><td>Pipe smoker</td></tr><tr><td><a href=\"http://snomed.info/id/160619003\">160619003</a></td><td>Rolls own cigarettes</td></tr><tr><td><a href=\"http://snomed.info/id/59978006\">59978006</a></td><td>Cigar smoker</td></tr><tr><td><a href=\"http://snomed.info/id/2253230000\">2253230000</a></td><td>Smoking cessation advice</td></tr></table></li></ul></div>"
  },
  "url" : "https://fhir.virtually.healthcare/ValueSet/SmokingStatus",
  "version" : "0.0.1",
  "name" : "SmokingStatus",
  "status" : "draft",
  "date" : "2024-04-02T05:59:13+01:00",
  "publisher" : "Virtually Healthcare",
  "contact" : [{
    "name" : "Virtually Healthcare",
    "telecom" : [{
      "system" : "url",
      "value" : "https://virtually.healthcare"
    }]
  }],
  "description" : "Virtually Smoking Status",
  "jurisdiction" : [{
    "coding" : [{
      "system" : "urn:iso:std:iso:3166",
      "code" : "GB",
      "display" : "UK"
    }]
  }],
  "compose" : {
    "include" : [{
      "system" : "http://snomed.info/sct",
      "concept" : [{
        "code" : "266919005",
        "display" : "Never smoked tobacco"
      },
      {
        "code" : "230059006",
        "display" : "Trivial cigarette smoker"
      },
      {
        "code" : "160603005",
        "display" : "Light cigarette smoker (1-9 cigs/day)"
      },
      {
        "code" : "160604004",
        "display" : "Moderate cigarette smoker (10-19/day)"
      },
      {
        "code" : "160605003",
        "display" : "Heavy cigarette smoker (20-39/day)"
      },
      {
        "code" : "1092031000000108",
        "display" : "Ex-smoker amount unknown"
      },
      {
        "code" : "82302008",
        "display" : "Pipe smoker"
      },
      {
        "code" : "160619003",
        "display" : "Rolls own cigarettes"
      },
      {
        "code" : "59978006",
        "display" : "Cigar smoker"
      },
      {
        "code" : "2253230000",
        "display" : "Smoking cessation advice"
      }]
    }]
  }
}